<?xml version="1.0" encoding="UTF-8" standalone="no"?>
<!--
 Copyright (c) 2019 SAP SE or an SAP affiliate company. All rights reserved.
--><!--
 All hybris buildcallbacks.xml macrodefinitions:
 
 Build/Documentation
 
	 before/after ant macro "clean"
		 <macrodef name="myshoestorefulfilmentprocess_before_clean"/>
		 <macrodef name="myshoestorefulfilmentprocess_after_clean"/>
	 
	 before/after ant macro "build"
		 <macrodef name="myshoestorefulfilmentprocess_before_build"/>
		 <macrodef name="myshoestorefulfilmentprocess_after_build"/>
		 
	 before/after ant macro "compile_core" - the core module of the extension
		 <macrodef name="myshoestorefulfilmentprocess_before_compile_core">
		 <macrodef name="myshoestorefulfilmentprocess_after_compile_core">
	 
	 before/after ant macro "compile_web" - the web module of the extension
		 <macrodef name="myshoestorefulfilmentprocess_before_compile_web" />
		 <macrodef name="myshoestorefulfilmentprocess_after_compile_web" />
 
 Preparing extension
 
	 will be called in the beginning of the ant call and only once (also when using multiple 
	 ant targets e.g. ant build yunittest)	
		 <macrodef name="myshoestorefulfilmentprocess_only_once_prepare"/>
 
 Creating ear module/production
 
	 before/after ant macro "ear"
		 <macrodef name="myshoestorefulfilmentprocess_before_ear"/>
		 <macrodef name="myshoestorefulfilmentprocess_after_ear"/>

	 before/after ant macro "production" - for hybris server only
		 <macrodef name="myshoestorefulfilmentprocess_before_production" />
		 <macrodef name="myshoestorefulfilmentprocess_after_production" />
 
 JUnit Test
 
	 before/after ant macro "yunitinit" 
		 <macrodef name="myshoestorefulfilmentprocess_before_yunitinit" />
		 <macrodef name="myshoestorefulfilmentprocess_after_yunitinit" />
	 
	 before/after ant macro "yunit"
		 <macrodef name="myshoestorefulfilmentprocess_before_yunit" />
		 <macrodef name="myshoestorefulfilmentprocess_after_yunit" /> 
		 
 Distribution package
 
	 before/after ant macro "dist" - internal target; only for use when platform is available in source code
		 <macrodef name="myshoestorefulfilmentprocess_after_dist"/>
		 <macrodef name="myshoestorefulfilmentprocess_before_dist"/>
	 
	 before/after ant macro "dist_copy" - internal target; only for use when platform is available in source code
		 <macrodef name="myshoestorefulfilmentprocess_before_dist_copy"/>
		 <macrodef name="myshoestorefulfilmentprocess_after_dist_copy"/>
		  
	 With these filters you can override the default extension filters defined in platform/resources/ant/dist/filtersets.xml
		 <patternset id="extension.myshoestorefulfilmentprocess.binary.filter">
			 <patternset refid="extension.filter" />
			 <exclude name="**/*-source.jar" />
		 </patternset>
		 <patternset id="extension.myshoestorefulfilmentprocess.source.filter">
			 <exclude name="**/bin/**" />
		 </patternset>
 
--><project name="myshoestorefulfilmentprocess_buildcallbacks">
    	
    <macrodef name="myshoestorefulfilmentprocess_clean_classpath_file">
        		
        <sequential>
            			
            <copy failonerror="true" file="${ext.myshoestorefulfilmentprocess.path}/.classpath" overwrite="true" tofile="${ext.myshoestorefulfilmentprocess.path}/.classpath.edit">
                				
                <filterchain>
                    					
                    <linecontainsregexp negate="true">
                        						
                        <regexp pattern="^(\t\t\t\t|)$"/>
                          
                        <!-- added by script -->
                        					
                    </linecontainsregexp>
                    				
                </filterchain>
                			
            </copy>
            			
            <move failonerror="true" file="${ext.myshoestorefulfilmentprocess.path}/.classpath.edit" overwrite="true" tofile="${ext.myshoestorefulfilmentprocess.path}/.classpath"/>
            		
        </sequential>
        	
    </macrodef>
    	
    <macrodef name="myshoestorefulfilmentprocess_after_clean">
        		
        <sequential>
            			
            <echo level="info" message="Generating .classpath file for myshoestorefulfilmentprocess"/>
            			
            <create_extension_classpath_file extname="myshoestorefulfilmentprocess"/>
            			
            <myshoestorefulfilmentprocess_clean_classpath_file/>
            		
        </sequential>
        	
    </macrodef>
    	
    <!-- 
		Called whenever 'ant ear' is used. this callback can be used to modify the content of the ear file
	
		 ${ear.path}: 			path to ear
	 -->
    	
    <macrodef name="myshoestorefulfilmentprocess_before_ear">
        		
        <sequential>
            			
            <!-- you can do anything before the EAR file is being packed -->
            		
        </sequential>
        	
    </macrodef>
    
</project>
