<!--
 Copyright (c) 2019 SAP SE or an SAP affiliate company. All rights reserved.
-->
<project xmlns="http://maven.apache.org/POM/4.0.0" xmlns:xsi="http://www.w3.org/2001/XMLSchema-instance"
	xsi:schemaLocation="http://maven.apache.org/POM/4.0.0 http://maven.apache.org/xsd/maven-4.0.0.xsd">
	<modelVersion>4.0.0</modelVersion>
	<groupId>de.hybris.platform</groupId>
	<artifactId>myshoestorefacades</artifactId>
	<version>2011.9</version>

	<packaging>jar</packaging>

	<dependencies>
	<dependency>
		    <groupId>net.sf.barcode4j</groupId>
		    <artifactId>barcode4j</artifactId>
		    <version>2.1</version>
		</dependency>

    <dependency>
        <groupId>net.sf.barcode4j</groupId>
        <artifactId>barcode4j-fop-ext</artifactId>
        <version>2.1</version>
    </dependency>

    <dependency>
        <groupId>com.google.zxing</groupId>
        <artifactId>core</artifactId>
        <version>1.7</version>
    </dependency>

	<dependency>
    <groupId>com.google.zxing</groupId>
    <artifactId>javase</artifactId>
    <version>3.3.0</version>
</dependency>

</dependencies>


</project>
